unp,seqres,sdp_score,pdbid,species,chain,unp,transcript,seqres,aa1,x,y,z,start,end,chr,strand
Q8IXJ6,286,-0.000583,1J8F,HUMAN,A,Q8IXJ6,ENST00000249396,286,N,40.2201818182,26.857,26.0418181818,39371346,39371348,19,-1
Q8IXJ6,287,0.390886,1J8F,HUMAN,A,Q8IXJ6,ENST00000249396,287,K,43.3651538462,22.2800769231,24.642,39371343,39371345,19,-1
Q8IXJ6,288,0.650722,1J8F,HUMAN,A,Q8IXJ6,ENST00000249396,288,E,42.3965,25.2037,20.8463,39371340,39371342,19,-1
